Month,Date,Site,SampleDepth,vvhA,TotalN,TotalP,Si,N+N,DOC,POC,FCM,Salinity,Temperature,Turbidity,Chlorophyll,Depth
October,2018-10-21,Site 01,Bottom,2.1292259,38.2987383,1.302229391,24.27449153,1.547080698,169.9417152,1291,5372.74,32.62427686,29.35967355,2.770895098,10.42094706,1.3521786
October,2018-10-21,Site 01,Middle,4.048538286,41.12869006,1.574871733,72.7366291,8.744648653,165.5287261,968.7142857,5790.53,32.35044215,29.39046281,2.572127184,12.99657476,0.968981855
October,2018-10-21,Site 01,Surface,12.81256431,88.45881273,1.631322334,24.654734,2.482400261,187.427144,1175.142857,5310.22,25.52289227,28.05119337,3.128143791,12.08125686,0.2857525
October,2018-10-21,Site 03,Bottom,3.605203237,24.10650421,0.435889238,190.4404511,13.06724283,145.9616986,946.1428571,5180.47,32.90158264,29.05838843,3.606273077,6.010093269,1.787844366
October,2018-10-21,Site 03,Middle,1.204066102,29.3040293,0.341023031,97.75048099,11.23722708,197.0857619,1202.428571,5161.98,29.85239256,29.00061983,2.913543,8.469637,0.681792857
October,2018-10-21,Site 03,Surface,21.50983669,84.16941608,1.313009642,46.89422417,6.355012522,173.1057452,781.7142857,4379.8,22.24228512,27.6107562,2.657088235,5.399091176,0.29342815
October,2018-10-21,Site 05,Bottom,9.350159612,44.82460014,1.049187505,149.9070732,22.44668741,175.3538718,735.4285714,3387.35,30.14480579,28.40737603,5.749074038,5.743544231,0.783108841
October,2018-10-21,Site 05,Middle,13.67127461,53.65131323,0.911984313,44.89912479,5.617631434,177.1856786,727.7142857,3559,25.98615702,27.81853719,4.004740594,3.719012871,0.502264305
October,2018-10-21,Site 05,Surface,37.30837635,58.90508231,0.381399971,28.71065369,2.194733247,155.0374688,546,3052.98,15.88607851,26.12320248,3.434849,1.811128,0.253290989
October,2018-10-21,Site 07,Bottom,15.00962029,33.70396349,0.867295274,106.5594316,30.52243437,119.4837635,359.5714286,1302,32.78321901,27.94004959,8.816803061,3.847429592,1.5914425
October,2018-10-21,Site 07,Middle,32.38968945,36.73481759,0.240472692,28.64962712,2.575164391,172.6894255,754.4285714,4110.06,27.04627727,28.10913636,4.019168,2.710158,0.527166614
October,2018-10-21,Site 07,Surface,9.589077466,66.3419323,0.916492418,211.0392654,11.38275694,138.0516236,495.4285714,3237.63,12.9249876,26.14394628,2.531258416,1.147343564,0.206386484
October,2018-10-21,Site 09,Bottom,1.852903719,20.23657981,0.899832031,26.67095797,2.960595333,96.33638634,398.8571429,914.77551,32.5095124,27.87453306,6.87958,2.093179,1.383333636
October,2018-10-21,Site 09,Middle,4.264603081,33.72301457,0.94922518,84.05940488,9.028744381,114.1548709,833,1723.39,27.20028729,27.48569061,2.200607914,1.85852518,0.45630695
October,2018-10-21,Site 09,Surface,15.85682673,53.0910382,1.021942871,195.7356796,38.16462731,136.5528726,496.7142857,2629.68,17.61574091,26.67155455,2.273071154,1.219191346,0.217662784
October,2018-10-21,Site 11,Bottom,1.114797041,6.139644438,0.203857514,18.13662697,1.29825141,74.42964197,213.7142857,511.58,33.35842149,27.52937603,2.079002,1.891351,2.184475836
October,2018-10-21,Site 11,Middle,9.817176103,31.96078941,0.727740027,98.56964533,8.809735323,109.6586178,467.4285714,1471.06,24.44239256,26.96748347,2.125118,1.081861,0.529759027
October,2018-10-21,Site 11,Surface,27.07472676,47.36791971,0.896891962,129.4091874,11.1407131,136.2198168,280.2857143,2461.51,18.76889256,27.00186364,2.212729703,0.9559,0.170197591
October,2018-10-21,Site 13,Bottom,111.1000216,8.163389014,0.198919726,12.15602317,2.014204786,71.38218152,609.2857143,335.204082,33.40256906,27.72519613,1.283631373,0.310803922,2.0287454
October,2018-10-21,Site 13,Middle,3.022778559,18.54016748,0.506646884,49.59347627,6.207518448,88.17651957,397.5714286,678.24,29.95190435,27.66109565,1.309526471,0.486609804,0.444494864
October,2018-10-21,Site 13,Surface,5.983145369,20.58729293,0.518407158,55.75950695,6.606698838,89.25895087,312.2857143,845.84,28.34934807,27.57641436,1.247548387,0.487590968,0.255311925
November,2018-11-29,Site 17,Bottom,,6.12167855,0.240137897,1.905906703,1.084867126,74.01332223,132.8717949,200.918367,34.34473913,25.99925,0.145429545,0.190575,11.59853406
November,2018-11-29,Site 17,Middle,0,6.169725361,0.269096282,4.288290082,1.17736341,72.14820983,154.2285714,246.9,34.14205769,25.85824038,0.189882051,0.147682051,0.85615393
November,2018-11-29,Site 17,Surface,0,7.599975977,0.358926373,11.82507139,2.169198559,74.97918401,194.1176471,269.8,33.4802449,25.70813265,0.283072973,0.141275676,0.319990269
November,2018-11-29,Site 13,Bottom,0,6.734275394,0.352031519,2.736806916,1.067635675,61.89009159,179.2941176,277.204082,34.3135625,26.00102679,1.407612195,0.891563415,6.817783078
November,2018-11-29,Site 13,Middle,0,6.621880175,0.253730608,7.783234764,1.510921436,85.17901749,146.9411765,310.612245,33.79523214,25.68252679,0.545672727,0.222475,1.753776794
November,2018-11-29,Site 13,Surface,0.866496814,12.13267784,0.516129032,27.97129333,3.28701079,80.94920899,187.15,445.632653,32.77397917,25.8521875,0.495223684,0.375418421,0.234384253
November,2018-11-29,Site 11,Bottom,0.291637026,7.671188215,0.456045309,5.14970358,0.560959604,90.17485429,244.5,320.938776,34.24193333,26.17720833,3.828204255,0.823057447,4.00302413
November,2018-11-29,Site 11,Middle,2.758436497,12.08377305,0.590002462,39.07812895,3.687084001,90.59117402,209.2093023,570.081633,31.63739344,26.31245902,0.997615217,0.631830435,0.571606308
November,2018-11-29,Site 11,Surface,3.576848718,26.60763773,0.803939916,89.17390083,9.631755867,126.8109908,262.6153846,1496.06,27.66976923,25.75686538,1.01245814,0.818860465,0.230898567
November,2018-11-29,Site 09,Bottom,1.314744567,10.62949903,0.565377986,12.40247663,0.927373454,106.32806,278.6666667,357.755102,34.16181452,26.40960484,3.7659875,1.3155725,2.814259232
November,2018-11-29,Site 09,Middle,5.609853809,13.42908376,0.633932529,42.57072645,3.303170855,79.35054122,416.375,618.877551,32.59683654,26.32845192,1.076884615,1.048046154,0.726140673
November,2018-11-29,Site 09,Surface,3.702149576,35.20029514,0.90164984,146.2595621,10.42413474,106.0782681,359.9574468,1705.1,17.83036364,25.30517273,1.334906977,0.864165116,0.27220771
November,2018-11-29,Site 07,Bottom,0.084415328,12.41409488,0.33646885,13.7497555,1.034779853,92.42298085,410.1290323,507.306122,34.04981915,26.81702128,4.186752941,1.829947059,1.583152122
November,2018-11-29,Site 07,Middle,4.181593585,22.79563804,0.538389559,56.54111647,5.774232285,100.2497918,405.1428571,1797.55,29.53981481,26.95946296,1.07238,1.496904444,0.610977064
November,2018-11-29,Site 07,Surface,1.037265988,33.73315144,0.22398424,119.40083,7.069537385,128.6427977,465.037037,2792.96,19.40061017,26.15289831,1.343723913,1.014821739,0.253161556
November,2018-11-29,Site 05,Bottom,0.445847259,27.32233405,0.662496922,41.4722482,5.244432143,136.3030808,744.4444444,2719.58,32.454125,27.93257353,2.235016981,5.328337736,0.806571668
November,2018-11-29,Site 05,Middle,0.501029289,33.21836418,0.456636296,66.54477949,11.76818789,131.3905079,650.2702703,3537.12,30.75080435,27.27952174,1.331907273,2.66156,0.466422769
November,2018-11-29,Site 05,Surface,0.955983854,34.01199454,0.359911352,122.2338712,13.39928306,114.4046628,501.3513514,2976.76,26.82198,26.31310667,1.422607143,2.474882143,0.382825498
November,2018-11-29,Site 03,Bottom,0,23.27095828,0.493080522,18.7821003,2.077595097,115.653622,634.8717949,3128.71,33.72358333,27.12860833,2.87297551,4.659487755,2.534470826
November,2018-11-29,Site 03,Middle,77.0703154,23.99251843,0.505688254,46.84728065,8.55438844,119.3172356,628.2051282,3299.02,31.4988,28.27560833,1.493102083,2.666789583,0.456206126
November,2018-11-29,Site 03,Surface,0.383493659,63.35830052,0.498202413,143.0908748,31.9314849,108.4929226,566.5116279,2562.62,23.53881148,27.33005738,1.255202083,2.32093125,0.262685523
November,2018-11-29,Site 01,Bottom,185.2668953,57.67676508,2.695887712,53.11423989,3.587266583,183.5970025,1964.186047,4284.86,33.3092,28.021575,4.18155,38.7838,1.19171305
November,2018-11-29,Site 01,Middle,0.65755558,60.19150086,0.957005664,82.02675069,25.57227611,116.3197336,772.972973,2789.76,31.01656667,28.07509167,1.925732653,3.65222449,0.38338613
November,2018-11-29,Site 01,Surface,5.05614322,140.0866496,1.22526397,419.9943817,124.5672322,91.17402165,345.0731707,1764.53,22.4680597,27.00663433,1.379043636,1.51338,0.238986119
January,2019-01-20,Site 17,Bottom,0,5.128309684,0.229832599,1.321459943,0.851037235,75.01248959,336.5555556,249.708333,34.16095763,24.45458475,0.17055102,0.161991837,9.563767656
January,2019-01-20,Site 17,Middle,0,6.013734829,0.291592939,0.971730758,0.405965832,76.88592839,105.4285714,210.530612,34.15587736,24.46848113,0.159616667,0.160757143,4.502562916
January,2019-01-20,Site 17,Surface,0.335049646,7.705982988,0.304212699,17.27051912,1.919030039,69.82514571,502.4242424,488.612245,33.03551852,24.16437037,0.504081818,0.271425,0.331996485
January,2019-01-20,Site 13,Bottom,0.747714571,5.884299417,0.391403768,2.781403255,0.735774009,70.6244796,511.7575758,330.408163,34.16525581,24.66181395,1.966911111,0.501813889,7.032125183
January,2019-01-20,Site 13,Middle,1.514836788,5.855971802,0.257940246,19.00038764,1.601989206,68.23480433,406.5517241,66.428571,33.38220732,24.9259878,1.15168,0.716665714,0.932442359
January,2019-01-20,Site 13,Surface,3.207270589,16.09662265,0.613970444,51.22476342,5.505403801,81.36552873,544.7586207,1381.16,30.70836047,25.00065116,1.064856667,0.84942,0.247950111
January,2019-01-20,Site 11,Bottom,0.385915373,6.524939333,0.322759922,3.084188926,0.587922807,71.29059117,469.1333333,294.938776,34.16497778,24.6885,2.761905714,1.038871429,3.178660259
January,2019-01-20,Site 11,Middle,4.356287282,13.52011708,0.672097824,23.27928902,1.985634506,83.84679434,730.9677419,1165.06,33.20013265,25.41568367,2.198033333,2.110364103,1.17055258
January,2019-01-20,Site 11,Surface,45.41407321,33.62662263,0.782233911,133.8430024,11.08991157,99.41715237,683.75,2427.36,25.35685106,24.52228723,1.605102632,1.25235,0.338457291
January,2019-01-20,Site 09,Bottom,1.318614044,12.52624676,0.309566537,14.74261084,1.216647545,75.65362198,733.3333333,606.428571,33.79588462,25.10654808,5.266795455,1.53285,2.756050365
January,2019-01-20,Site 09,Middle,2.73007251,12.95400058,0.361384036,14.74261084,1.216647545,101.0824313,1200.689655,1851.54,32.62078846,25.75589423,3.248540476,3.825904762,1.010537793
January,2019-01-20,Site 09,Surface,13.18732248,24.46067793,0.601350684,24.51390346,2.230267534,111.4071607,838.5714286,2498.06,25.03672115,25.15310577,2.004543182,2.2088,0.327026536
January,2019-01-20,Site 07,Bottom,0,15.17793629,0.436911387,102.1725601,6.058149449,127.4771024,1743.333333,2245.24,33.10744318,26.09085227,5.533809091,6.5637,1.454211694
January,2019-01-20,Site 07,Middle,1.625376722,27.37406421,0.911490846,15.03366063,1.047368633,133.3055787,1784.375,3416.78,31.12707143,26.4649881,3.18725,5.356741176,1.008326543
January,2019-01-20,Site 07,Surface,3.813354146,30.00809663,0.56903645,51.06046111,4.61213612,112.3230641,895.7647059,1110.58,19.97758511,25.06294681,1.618765714,0.921328571,0.382422384
January,2019-01-20,Site 05,Bottom,32.8902509,28.56469568,0.610911108,127.5478771,12.08165743,153.5387177,1665.454545,4080,29.09519492,25.63528814,1.905396,4.04261,0.559355421
January,2019-01-20,Site 05,Middle,0.115736373,29.14039998,0.779939409,86.02868533,8.912766898,167.7768526,2113.846154,3917.94,28.20839516,25.6143871,3.683084314,4.015776471,0.466755429
January,2019-01-20,Site 05,Surface,0.534680311,29.83115799,0.597717723,74.68243779,6.59000308,160.5328893,1969.333333,3782.04,25.59689583,25.43219444,3.132756667,3.194601667,0.250235517
January,2019-01-20,Site 03,Bottom,0.647890399,17.90261708,0.797339381,93.78375399,6.912668687,171.3572023,2968.125,2507.24,33.39737838,25.89048649,2.737565625,17.60077344,1.504561032
January,2019-01-20,Site 03,Middle,1.254282807,13.90014294,0.418555373,15.73311901,1.165578169,146.2947544,2044.117647,3677.33,31.82975309,26.61254321,1.870457353,4.222366176,0.617225363
January,2019-01-20,Site 03,Surface,1.058649596,15.7627926,0.426012504,27.25071038,2.761406908,130.6411324,1375.714286,4685.86,31.19971053,26.87882632,1.882296341,2.966565854,0.258999235
January,2019-01-20,Site 01,Bottom,0,25.47349913,1.000020375,30.33724648,4.260721667,168.692756,3068.181818,3708.73,33.05591414,26.47869697,5.328251613,17.71342419,0.961459431
January,2019-01-20,Site 01,Middle,0,11.52628877,0.359089534,32.74544879,3.994571647,140.7160699,1831.818182,4056.04,33.05004054,27.05371171,4.48716,9.584275556,0.4689657
January,2019-01-20,Site 01,Surface,4.324904818,31.30985951,0.879559029,20.31480606,1.251199729,153.5387177,2346.086957,4166.22,32.64574107,27.12264732,3.456404301,8.402344086,0.21150384
February,2019-02-18,Site 17,Bottom,1.500877794,6.880131786,0.383944841,1.061079965,0.379750468,128.2264779,474.6666667,106.96,34.04738532,23.26191284,0.172590217,0.275011957,7.63190531
February,2019-02-18,Site 17,Middle,1.169193769,5.96037854,0.321103177,0.509716309,0.458693109,87.84346378,263.35,181.4,34.04576974,23.26067105,0.184478788,0.241816667,4.110027194
February,2019-02-18,Site 17,Surface,26.94402384,8.283785059,0.324846097,11.50158074,1.261174414,95.08742714,232.2631579,355.979592,31.133,23.185,0.5612,0.3146,0.2403137
February,2019-02-18,Site 13,Bottom,2.822174602,6.125968444,0.457818271,1.812249715,0.363015679,81.36552873,429.7,189.82,34.03799519,23.55230288,2.383018824,0.445991765,4.788577552
February,2019-02-18,Site 13,Middle,36.33912353,6.744571139,0.367397193,6.104286979,0.540264252,84.17985012,408.1,309.74,33.78179699,24.02966541,1.635079817,1.330333945,1.962938876
February,2019-02-18,Site 13,Surface,56.65380911,28.34418676,0.387884757,120.8031025,7.852403107,118.9841799,311.5428571,897.469388,18.9150082,22.67513388,2.184883553,0.691530921,0.352248971
February,2019-02-18,Site 11,Bottom,8.333129885,6.159429616,0.288992859,1.372170467,0.425749232,85.67860117,316.5555556,110.122449,34.1163109,23.58326603,12.40413386,0.272869291,3.142903898
February,2019-02-18,Site 11,Middle,25.85605604,7.62571534,0.285446934,11.8531383,0.854545335,85.26228143,253.3888889,201.693878,32.67749091,24.16418182,11.47128462,0.422702198,0.911641795
February,2019-02-18,Site 11,Surface,18.62721021,35.16854993,0.926077321,157.7419382,6.020600875,110.0749376,323.2571429,637.64,11.59447959,22.44041837,13.15189048,0.294433333,0.347617113
February,2019-02-18,Site 09,Bottom,25.19775382,32.90520193,1.065747353,15.67727522,1.810793939,128.05995,256.2777778,402.06,31.12808155,24.73295708,NA,NA,1.026549987
February,2019-02-18,Site 09,Middle,138.9992694,38.34049746,0.981039153,37.55224887,2.735325299,131.8900916,281.7777778,1636.78,25.34147661,24.308,NA,NA,0.546867155
February,2019-02-18,Site 09,Surface,316.0197404,39.15300335,0.448165476,104.8691987,7.922145996,129.641965,324.5714286,1419.428571,7.980531447,22.62783333,NA,NA,0.304241079
February,2019-02-18,Site 07,Bottom,30.13642741,22.25339545,0.426889929,14.94886819,1.497213789,157.7019151,211.826087,1644.265306,31.47863167,25.29756627,0.094708524,0.012376715,0.901781814
February,2019-02-18,Site 07,Middle,50.00717071,31.43462631,0.462940163,58.69122792,3.945049,138.2181515,298.952381,1681.24,NA,NA,NA,NA,NA
February,2019-02-18,Site 07,Surface,36.17868211,52.81374139,1.468209801,138.8033554,14.30896494,130.3080766,283.55,1387.16,11.88552536,23.30692029,2.893187931,1.053951724,NA
February,2019-02-18,Site 05,Bottom,40.67995822,28.40510326,0.419995075,130.9299836,12.17190614,136.3863447,321.2857143,1138.72,NA,NA,NA,NA,NA
February,2019-02-18,Site 05,Middle,21.98946561,32.76535139,0.518886974,56.25055853,2.99212983,140.2997502,483.1875,1059.82,NA,NA,NA,NA,NA
February,2019-02-18,Site 05,Surface,16.05792699,15.82112859,0.396601822,185.8538971,9.440893778,120.8992506,665.9285714,444.44,NA,NA,NA,NA,NA
February,2019-02-18,Site 03,Bottom,33.03931045,32.48050243,0.548633342,38.31353539,3.993501032,130.3913405,650.2758621,1997.04,NA,NA,NA,NA,NA
February,2019-02-18,Site 03,Middle,12.40574507,22.93377262,0.336074858,33.28550352,3.318326784,128.143214,452.9333333,1191.7,NA,NA,NA,NA,NA
February,2019-02-18,Site 03,Surface,44.14048566,35.7923005,0.550997291,139.1574421,9.524567721,125.5620316,,1945.12,NA,NA,NA,NA,NA
February,2019-02-18,Site 01,Bottom,31.13779575,42.47509717,0.675695641,54.95814189,5.93061853,131.7235637,2119.047619,2450.32,26.44372041,25.28252653,2.706475243,1.239486408,NA
February,2019-02-18,Site 01,Middle,132.1483319,64.23172291,0.476729869,93.24756565,18.52560598,208.4096586,1493,1973.285714,14.26957178,24.58340099,3.003221084,0.749689759,NA
February,2019-02-18,Site 01,Surface,301.7774984,115.1792123,1.380349668,174.5737048,85.18355478,102.7477102,1303,916.244898,11.09681457,24.57054636,2.445845833,0.560835,NA
March,2019-03-22,Site 17,Bottom,20.27211154,6.232075372,0.282032515,1.303882308,0.247011176,94.58784346,574.4680851,213.714286,34.31821,23.95958,0.141707692,0.228038462,7.970987415
March,2019-03-22,Site 17,Middle,1.95386918,5.611482691,0.264632543,2.846688867,0.293973724,102.4146545,1022.222222,202.4,34.3099375,23.9876875,0.134369444,0.19965,3.654330138
March,2019-03-22,Site 17,Surface,412.4380947,7.51597006,0.275340218,3.534628841,0.519849562,87.59367194,1966.477273,175.285714,34.07131081,23.97575676,0.20679,0.19965,0.279505291
March,2019-03-22,Site 13,Bottom,1.2746406,8.646459817,0.396375189,3.104666358,0.418301813,98.91756869,489.1256831,121.46,34.28125532,24.1807766,9.088461765,0.776535294,7.030932677
March,2019-03-22,Site 13,Middle,0.516541631,9.541176651,0.393315853,5.107785693,0.512927843,108.0766028,711.1111111,144.326531,34.28884058,24.47754348,1.66225,1.313074074,2.655755946
March,2019-03-22,Site 13,Surface,14.26193396,15.64076595,0.527544209,43.49078953,2.846072801,111.1573689,2132.038835,329.510204,27.93758871,24.33104839,0.999902041,1.156908163,0.340029081
March,2019-03-22,Site 11,Bottom,3.344208384,7.201751435,0.485669551,1.607385238,0.403406975,75.91174022,1796.354167,215.54,34.26342727,24.42144545,4.619640909,0.7161,3.509163745
March,2019-03-22,Site 11,Middle,0,10.86298676,0.413201535,14.27863255,0.992366395,95.17069109,1265.240642,626.857143,33.83721324,24.87015441,2.312015094,2.938245283,1.502380785
March,2019-03-22,Site 11,Surface,7.939774713,31.97054666,0.738638376,105.6254268,6.23464846,135.3871774,1786.80203,2406.24,24.78119403,24.13279104,1.314062,1.318658,0.370346059
March,2019-03-22,Site 09,Bottom,0.66259067,10.52915671,0.599438599,8.747291658,0.640672984,100.3330558,1012.135922,429.244898,34.01154688,24.9389375,4.214143137,1.844419608,2.051450182
March,2019-03-22,Site 09,Middle,8.101979472,19.70294598,1.142088279,24.58761539,1.176449071,105.5786844,171.7777778,829.64,33.10646429,25.18883929,4.079544444,7.641284444,0.906817838
March,2019-03-22,Site 09,Surface,57.49548463,29.380531,0.761965811,86.6564937,3.995078132,121.9816819,208.5116279,2491.12,23.43680597,24.40166418,1.574855769,1.870148077,0.352533295
March,2019-03-22,Site 07,Bottom,6.190176705,34.45989033,1.219145298,63.90894912,6.169023556,152.4562864,224.8837209,2748.7,31.35710625,25.441725,4.438427778,10.33978611,1.070734913
March,2019-03-22,Site 07,Middle,13.92588699,28.94079925,0.70402964,70.36850314,4.632051501,143.0474604,287.5784753,2616.46,26.90384167,25.155225,2.172720408,2.152071429,0.632091895
March,2019-03-22,Site 07,Surface,59.52453994,35.82266653,0.945717165,102.0162711,6.951265404,140.549542,394.4444444,2098.571429,25.13437273,25.03316364,2.585491489,2.884691489,0.369791145
March,2019-03-22,Site 05,Bottom,5.900345321,24.2244692,0.775924031,54.66728491,2.44583974,137.55204,516.8367347,2185.62,31.75582051,26.10694231,5.084812121,12.28333333,0.709561131
March,2019-03-22,Site 05,Middle,9.644926463,19.89077986,0.521807955,34.36040973,1.652382955,132.3064113,272.2926829,2952.204082,30.546375,26.11852344,3.144804167,7.837522917,0.393980013
March,2019-03-22,Site 05,Surface,13.16470583,23.50320453,0.609763858,80.59149349,3.009302703,130.5578684,267.3809524,3172.2,23.46324627,25.41578358,2.30275,3.334480769,0.332192407
March,2019-03-22,Site 03,Bottom,17.74350036,19.63626713,0.699249428,14.47085107,0.809597971,107.0774355,357.2685185,2137.102041,33.51393243,25.73856757,4.346196491,6.970024561,2.019573541
March,2019-03-22,Site 03,Middle,1.773544928,30.19113661,1.368287916,19.84538212,1.264065765,176.6860949,682.7777778,2962.102041,32.97584848,26.92159091,5.067173684,22.09311404,0.737341208
March,2019-03-22,Site 03,Surface,2.372890115,46.51525179,2.64479576,18.96522362,1.097769279,164.6960866,569.6,3866,31.32028082,27.0475411,4.809113793,16.82817931,0.279902553
March,2019-03-22,Site 01,Bottom,3.127431629,38.21220984,2.264290875,13.4692914,0.474464114,164.113239,336.1751152,4459.44898,33.14617553,27.50830851,7.423532877,13.88798219,0.677624671
March,2019-03-22,Site 01,Middle,5.592361185,36.79365002,2.054917584,16.63330945,1.517365629,183.5137386,747.5728155,3675.22,32.79960769,27.32314615,6.399159574,12.0675617,0.399504105
March,2019-03-22,Site 01,Surface,10.13918346,50.42628997,1.684929167,91.67693799,14.57461438,146.6278102,576.3392857,2704.3,30.68004545,27.31342424,3.687215385,6.544471154,0.289922783
April,2019-04-20,Site 17,Bottom,0,6.346468988,0.344545678,1.297545853,0.276831699,85.67860117,423.8095238,132.816327,34.28166304,24.60038043,0.098934375,0.158434375,10.27149326
April,2019-04-20,Site 17,Middle,0,7.965474934,0.334301896,1.607496608,0.239763812,76.0865945,652.6315789,81.428571,34.25573913,24.72708696,0.080376471,0.152317647,5.095178921
April,2019-04-20,Site 17,Surface,0,6.508626977,0.339817779,1.290584392,0.275436202,77.86011657,634.4444444,134.632653,34.241875,24.80293182,0.095267647,0.140573529,0.459467369
April,2019-04-20,Site 13,Bottom,2.135120732,10.29574528,0.460970204,1.882308561,0.314597334,75.97835137,384.7752809,224.326531,34.26727551,24.92559184,2.176094737,0.494189474,7.593556165
April,2019-04-20,Site 13,Middle,2.018911787,8.22756171,0.486382664,2.049383621,0.276918917,76.36969192,546.9333333,353.16,34.26903659,25.28517073,1.23342,1.33342,3.610021713
April,2019-04-20,Site 13,Surface,229.0722818,12.21246986,0.518886974,17.07519954,1.299294838,81.16569525,541.1724138,764.938776,31.0967449,25.31111224,0.784866667,0.656812821,0.402781332
April,2019-04-20,Site 11,Bottom,10.64800752,10.07352878,0.58448658,4.043013399,0.334570383,95.58701082,575.7241379,365.795918,34.20469608,25.39933333,5.735605263,1.215731579,3.028819486
April,2019-04-20,Site 11,Middle,126.9721586,17.16189201,1.042304851,23.09686315,1.637266745,104.746045,608.5810811,2515.040816,30.34289773,25.48268182,1.654439024,2.878029268,0.725336048
April,2019-04-20,Site 11,Surface,123.8217036,18.48746922,0.991479931,43.00929307,2.271607307,127.3938385,519.2638037,2602.16,27.36434,25.21736,1.294644737,1.328134211,0.262905577
April,2019-04-20,Site 09,Bottom,5.86219481,15.61950357,0.692440286,5.038833794,0.534126441,84.51290591,375.4545455,393.86,34.16852128,25.60044681,6.250705882,1.513567647,2.614759119
April,2019-04-20,Site 09,Middle,153.0846889,23.4356902,0.864614627,21.56766226,2.382549311,121.1490425,310.2985075,2052.734694,30.73488043,25.82565217,2.331894444,3.686466667,0.532301424
April,2019-04-20,Site 09,Surface,172.5811782,16.00856263,0.981827136,53.45347328,2.553846556,120.4829309,305.8333333,3211.673469,26.0653587,25.25906522,1.655980556,1.259744444,0.239202419
April,2019-04-20,Site 07,Bottom,14.96503796,20.91842338,1.140014775,10.3855672,1.165763228,126.2281432,402.5581395,4805.040816,31.327925,25.888525,3.216470968,4.428209677,1.013858264
April,2019-04-20,Site 07,Middle,31.64353507,31.18495448,0.973947304,40.60792058,1.511933679,123.2306411,291.1971831,5330.7,24.82203191,25.51394681,1.856543243,1.533756757,0.505240608
April,2019-04-20,Site 07,Surface,67.92528174,16.21588462,1.434917508,122.2333691,6.1562346,110.5745212,353.4057971,4607.897959,24.0067093,25.38068605,1.953355556,1.15555,0.289698603
April,2019-04-20,Site 05,Bottom,10.0149277,20.11136564,1.368135927,33.17772141,2.91379754,130.4746045,519.1044776,5750.44,30.05196429,26.15867857,2.677715152,4.965766667,0.58799089
April,2019-04-20,Site 05,Middle,8.167595885,22.8983381,0.989509973,23.10979158,1.623835087,144.4629475,539.8214286,6260.62,29.56261905,26.26445238,2.387872727,4.939733333,0.371447123
April,2019-04-20,Site 05,Surface,87.51315633,20.30810018,0.734400394,173.4530997,0.964637236,130.5578684,766.4814815,4872.653061,23.23298913,25.7988587,2.044784211,2.927563158,0.281090246
April,2019-04-20,Site 03,Bottom,18.22795345,9.828747437,0.669785767,20.00478088,0.291222761,120.1498751,772.8318584,3799.18,33.70334444,26.76178889,2.683302857,8.533265714,1.967418817
April,2019-04-20,Site 03,Middle,3.616985736,27.57578098,1.080325043,14.85217306,0.953037168,296.2531224,752.9565217,5713.34,31.47560227,27.38219318,3.588235294,21.99602059,0.419607775
April,2019-04-20,Site 03,Surface,15.82634665,24.08889518,2.024328983,22.25784137,2.375833482,235.5537052,1268.695652,4584.7,32.38359524,27.55353571,4.1053,31.44056667,0.212593765
April,2019-04-20,Site 01,Bottom,1.946923967,12.0169365,1.623442502,6.547150304,0.216563676,155.8701082,1132.727273,5215.06,32.92981522,27.32402174,4.266780556,30.43755,0.719661017
April,2019-04-20,Site 01,Middle,5.496869945,14.05029472,0.766510712,7.484958525,0.408444501,186.0949209,2150,4567.591837,32.82108974,27.43211538,4.06992,18.91593,0.354803858
April,2019-04-20,Site 01,Surface,,118.4383328,2.660822458,232.8507975,95.89443999,166.9442132,1850.909091,5900.42,28.77482143,27.22484524,3.455459375,10.53040313,0.161647868
June,2019-06-04,Site 01,Bottom,49.37420317,,,,,,590.3846154,4314.612245,32.61918478,28.31641304,4.743873684,14.37129737,0.954538421
June,2019-06-04,Site 01,Middle,194.1294525,,,,,,1054.090909,5244.244898,31.11715116,28.09377907,3.674311538,8.43975,0.409015066
June,2019-06-04,Site 01,Surface,291.768053,,,,,,1110.222222,4560.96,28.42593023,28.41348837,4.23709697,4.609366667,0.200614086
June,2019-06-04,Site 03,Bottom,44.9440467,,,,,,1225.882353,5853.229167,33.50004762,28.21652381,1.932828571,4.804737143,2.045850865
June,2019-06-04,Site 03,Middle,81.67901411,,,,,,2248.888889,6343.816327,30.59345161,28.00827419,2.615464706,25.47619412,0.492405865
June,2019-06-04,Site 03,Surface,,,,,,,1499.555556,6526.72,28.37135,27.8537625,1.878261765,3.845664706,0.213412801
June,2019-06-04,Site 05,Bottom,47.59112103,,,,,,1727.777778,6389.84,29.22834375,27.49638542,4.786582857,9.833497143,0.622995307
June,2019-06-04,Site 05,Middle,250.1625222,,,,,,1935.384615,5802,25.65485965,27.17891228,3.604580851,5.112893617,0.344732918
June,2019-06-04,Site 05,Surface,266.1673106,,,,,,2192.727273,5142.918367,13.0874625,26.2501,8.15947619,1.628314286,0.152067505
June,2019-06-04,Site 07,Bottom,19.15118939,,,,,,1454.285714,3550.653061,32.76297872,28.23538298,4.546426316,10.83841579,0.919422619
June,2019-06-04,Site 07,Middle,35.15311519,,,,,,3873.103448,5745.22,26.88348889,27.72576667,3.051045714,3.63484,0.488864609
June,2019-06-04,Site 07,Surface,40.22356973,,,,,,3402,4482.86,18.59005682,27.45314773,3.828212121,2.2836,0.200015181
June,2019-06-04,Site 09,Bottom,0,,,,,,2220.952381,1136.9,33.9118,27.42812857,5.885105714,4.626694286,2.452930804
June,2019-06-04,Site 09,Middle,8.038310329,,,,,,1993.5,4611.28,24.68821186,27.86622034,2.981655102,3.423806122,0.3409056
June,2019-06-04,Site 09,Surface,11.59105348,,,,,,1965.238095,4630.8,25.03731667,27.707425,3.035604,3.499078,0.206917993
June,2019-06-04,Site 11,Bottom,0.120026467,,,,,,1598.181818,928.673469,34.09773864,26.92581818,3.19945,2.434591176,3.387068838
June,2019-06-04,Site 11,Middle,3.824670474,,,,,,2045.454545,4275.387755,28.03933333,27.72713333,2.060783333,2.620322222,0.540910456
June,2019-06-04,Site 11,Surface,7.295871939,,,,,,1435.555556,4804.8,26.35124468,27.89995745,2.267010256,2.212128205,0.220017149
June,2019-06-04,Site 13,Bottom,1.511188482,,,,,,1670,475.571429,34.276,26.45261321,1.607655,0.7468725,5.137833727
June,2019-06-04,Site 13,Middle,5.03428249,,,,,,1819.512195,1552.62,30.85242361,27.56388194,0.971505263,1.049303509,0.420171515
June,2019-06-04,Site 13,Surface,14.86083259,,,,,,1608.125,1879.102041,29.54771693,27.83000794,1.284294,0.808925333,0.257778838
June,2019-06-04,Site 17,Bottom,,,,,,,1371.724138,326.244898,34.34590196,26.25775,0.098492683,0.077764634,6.170429122
June,2019-06-04,Site 17,Middle,32.28120558,,,,,,1515.862069,346.24,34.21840306,26.53430102,0.204465823,0.111656962,0.696504115
June,2019-06-04,Site 17,Surface,,,,,,,1514.666667,402.306122,34.26449519,26.53935577,0.214467073,0.101079268,0.191991925
August,2019-08-31,Site 01,Bottom,20.07661189,46.86855874,2.049164669,41.44717064,0.753324471,219.8168193,1657.647059,5349.938776,33.28144186,30.60445349,7.229038235,18.78062353,0.973921959
August,2019-08-31,Site 01,Middle,67.39058716,42.49413767,1.675272632,49.86801256,1.842675049,215.1540383,811.5384615,5620.897959,32.73760714,30.85197619,5.558393939,12.5092,0.554581199
August,2019-08-31,Site 01,Surface,130.6189608,55.74174059,1.389041316,104.3759758,26.39836744,178.2681099,1145.625,5498.265306,28.95435897,30.18201282,4.037460606,9.179133333,0.128362067
August,2019-08-31,Site 03,Bottom,10.24037541,19.56639657,0.87031852,34.32819688,1.096405796,121.0657785,1335.428571,5868.34,33.56619608,30.02658824,2.6637175,5.11346,1.99558418
August,2019-08-31,Site 03,Middle,44.92828378,107.1471254,3.511002498,67.48100386,7.713750928,480.8492923,1509.148936,4858.16,31.46976087,30.86383696,4.521748649,33.58175135,0.566488193
August,2019-08-31,Site 03,Surface,157.7958227,47.72212731,1.427535807,126.1339064,23.53169751,186.9275604,784.6153846,4819.16,29.2681875,30.69342708,3.195148718,6.327989744,0.15705568
August,2019-08-31,Site 05,Bottom,101.7365927,32.62580271,1.402762125,92.21508692,7.751719477,176.602831,753.9230769,6253.693878,30.97546809,30.87009574,2.216502778,5.028222222,0.518282717
August,2019-08-31,Site 05,Middle,78.50754796,31.38439786,1.245544525,92.28427515,8.433374977,174.1881765,457.5384615,5471.612245,30.6802449,30.98268367,2.261976316,4.556605263,0.345859048
August,2019-08-31,Site 05,Surface,315.3228541,25.6503699,1.07022308,159.174106,8.002383038,159.7835137,630.5714286,5602.4,26.09692105,30.26627632,2.687273171,3.239258537,0.195860562
August,2019-08-31,Site 07,Bottom,30.38016133,32.65020999,1.396092287,108.2261591,10.09634408,173.1057452,567.9411765,6008.877551,28.86470833,30.3258125,2.819774194,6.038290323,0.655846807
August,2019-08-31,Site 07,Middle,153.6911795,32.44148565,1.235825619,139.7152718,14.46041534,142.0482931,8475,5936.2,27.64484906,30.25679245,2.461137209,2.501604651,0.373772684
August,2019-08-31,Site 07,Surface,,31.78838045,1.127964817,153.3862995,18.02679139,131.6402998,6784.285714,5783.64,26.95543662,30.20092254,2.349371429,2.087466071,0.182344052
August,2019-08-31,Site 09,Bottom,49.99861042,17.06658138,0.988469928,38.46607611,3.963845405,108.1598668,1494.035088,2628.06,33.80180645,29.04483871,6.702192,0.041946667,1.903032589
August,2019-08-31,Site 09,Middle,76.43543751,20.98857908,0.890518599,70.1521634,7.671247494,126.7277269,893.2075472,4483.14,31.42464948,29.59792268,6.756097468,0.048553165,0.556312597
August,2019-08-31,Site 09,Surface,114.4657572,29.55469335,1.099760932,112.0378653,12.54660484,92.92256453,1497.407407,5691.204082,28.39245918,30.14085714,6.898028378,0.050198649,0.189605673
August,2019-08-31,Site 11,Bottom,52.76226657,8.976829915,0.581609836,20.30805106,1.131894228,95.58701082,1085.555556,1040.56,34.02568229,28.30705208,5.978283721,0.049525581,3.16242692
August,2019-08-31,Site 11,Middle,39.6808851,13.79768888,0.656740554,54.92122371,5.158921053,107.9100749,925.9375,1997.22,32.73878636,28.85614091,6.084685106,0.051103191,1.085610398
August,2019-08-31,Site 11,Surface,124.3485627,23.62961529,0.739018003,96.61630499,11.17635813,73.77185679,881.3333333,4849.02,29.89715351,29.74551316,6.148138554,0.05073253,0.198030274
August,2019-08-31,Site 13,Bottom,1.896578151,8.540023734,0.838493866,8.471570225,1.372202932,81.61532057,382.1818182,675.163265,34.3129529,28.1249058,2.977765833,0.0251075,6.261308158
August,2019-08-31,Site 13,Middle,19.38460936,11.46889755,0.400098199,36.22381294,4.152976797,90.50791007,379.2857143,1214.44,33.58610331,29.14038017,3.139905682,0.0246125,0.937826818
August,2019-08-31,Site 13,Surface,53.89983013,16.03810902,0.593848677,67.96002639,7.560454022,103.9134055,216.5957447,2560.979592,31.75908,29.68268,3.206566667,0.011427778,0.361647373
August,2019-08-31,Site 17,Bottom,16.7125346,5.564018617,0.2590899,1.34377144,0.76648453,79.17568693,676.8965517,298.428571,34.51071429,27.96273214,2.310652273,0.0242,10.58970502
August,2019-08-31,Site 17,Middle,0,5.376335036,0.216497418,1.615582309,0.744877136,76.36136553,1284,308.183673,34.52783036,27.94116964,2.321972093,0.023918605,4.933368241
August,2019-08-31,Site 17,Surface,0.294878842,6.095929034,0.239515483,1.666414472,0.859849815,197.2522898,1435.897436,290.2,34.46460784,28.21658824,2.468757143,0.0242,0.149806158
September,2019-09-29,Site 01,Bottom,125.8500884,78.29395909,1.446592486,108.7489538,45.05815554,225.8118235,,5257.897959,31.83386864,30.4970339,9.664726804,0.051019588,0.93077858
September,2019-09-29,Site 01,Middle,23.06702385,45.7945641,2.179702919,34.28760175,6.902806738,217.3189009,,5308.08,29.42941429,30.53649524,7.151814286,0.076987912,0.497371277
September,2019-09-29,Site 01,Surface,35.53604931,37.14419233,1.72043696,36.32265326,5.826260542,235.7202331,,5290.04,24.84157986,29.80325347,6.562927966,0.060089831,0.240194508
September,2019-09-29,Site 03,Bottom,143.2519708,42.53252443,1.3638865,109.6145125,17.05081294,290.0915903,,6123.571429,31.69720548,30.06212329,6.341928302,0.051596226,1.076923036
September,2019-09-29,Site 03,Middle,96.37831176,51.07691537,2.660502924,43.59730051,0.839220533,238.8842631,,5626.346939,29.70054375,30.39105625,6.365028947,0.077057895,0.494632979
September,2019-09-29,Site 03,Surface,123.4839878,36.16032312,1.905477311,47.8813222,3.14312009,174.4379684,,5141.714286,25.19626882,29.80742473,6.361882192,0.057184932,0.294664253
September,2019-09-29,Site 05,Bottom,142.9246687,51.27051814,1.333967515,192.2919658,29.41353263,171.3572023,,5003.959184,29.94089,29.65592,2.900195349,13.70845581,0.901197281
September,2019-09-29,Site 05,Middle,301.9371797,52.97455626,1.011719076,173.6097341,33.81743975,202.0815987,,5885.18,22.15564815,29.25322222,1.634495,4.788575,0.475991873
September,2019-09-29,Site 05,Surface,86.91443485,37.10079861,1.780465498,52.99666156,5.227922445,166.7776853,,5787.408163,19.20848889,28.33827778,3.758655769,5.725394231,0.23848198
September,2019-09-29,Site 07,Bottom,244.1381751,43.04406966,1.206287767,212.7745033,23.06060296,165.1956703,,4417.22449,31.69626531,29.37406122,4.1114,16.92696923,1.027121346
September,2019-09-29,Site 07,Middle,227.8842638,43.48968982,1.349975125,120.5134224,19.87328997,190.0915903,,5502.04,25.43209574,28.90643617,2.480823077,7.488658974,0.469520464
September,2019-09-29,Site 07,Surface,172.4758805,38.30163644,1.90319051,37.27893331,3.720828906,172.8559534,,4151.28,14.67211224,28.27547959,2.19005641,2.310789744,0.188378059
September,2019-09-29,Site 09,Bottom,82.28306339,42.91722647,1.158836637,212.1493383,25.85346985,197.9184013,,4108.02,31.14524545,29.23201818,3.178371111,8.429397778,0.87671513
September,2019-09-29,Site 09,Middle,383.1960167,33.72526766,0.970937784,95.34655993,14.65683812,159.9500416,,5539.979592,27.0395566,29.18398113,2.032043902,8.584507317,0.509971171
September,2019-09-29,Site 09,Surface,65.12604761,24.67767643,1.191423557,40.83083067,5.064310898,176.4363031,,3382.08,15.07025962,27.827875,3.903564286,2.426338095,0.182308595
September,2019-09-29,Site 11,Bottom,422.2094256,39.78202999,0.949594304,175.8774134,22.17941251,128.3097419,,3637.88,32.61064583,28.81534375,0.97112,1.586915,1.317607506
September,2019-09-29,Site 11,Middle,50.83507181,22.88685087,0.873939289,27.74719684,4.065569106,223.5636969,,2124.08,27.51553333,28.47771111,1.141854054,2.631259459,0.509482521
September,2019-09-29,Site 11,Surface,196.0320995,14.75107858,0.727583996,77.04945244,10.09634408,112.489592,,703.428571,17.68104348,27.51318478,1.875411111,2.009944444,0.20530348
September,2019-09-29,Site 13,Bottom,50.01023008,16.78252234,0.673272461,56.81083875,6.974564629,118.6511241,,1317.530612,33.14816981,28.72078774,NA,NA,2.095607328
September,2019-09-29,Site 13,Middle,27.09214417,12.83369356,0.580275869,42.50264401,4.837033118,91.92339717,,1229.938776,31.52970652,28.79852174,NA,NA,0.645634771
September,2019-09-29,Site 13,Surface,9.773801936,9.337995377,0.520819031,18.17310024,2.177456285,96.00333056,,708.56,29.53001176,28.67125882,NA,NA,0.399039601
September,2019-09-29,Site 17,Bottom,0.262362936,5.590279806,0.298046456,1.392485596,0.590957794,87.84346378,,297.9,34.4683913,28.76718478,NA,NA,9.544887544
September,2019-09-29,Site 17,Middle,0,5.513506296,0.249261358,2.169088079,0.629548779,101.1656953,,304.44898,34.46519286,28.77398929,NA,NA,4.686887118
September,2019-09-29,Site 17,Surface,0.833963774,5.423380872,0.267365203,1.359656491,0.514131503,,,255.571429,34.45445455,28.79132955,NA,NA,0.460857675